{"cameraMode":{"drawMode":0,"name":"Shaded","section":"Shading Mode"},"sceneLighting":false,"audioPlay":false,"sceneViewState":{"m_AlwaysRefresh":false,"showFog":true,"showSkybox":false,"showFlares":true,"showImageEffects":true,"showParticleSystems":true,"showVisualEffectGraphs":true,"m_FxEnabled":true},"in2DMode":false,"pivot":{"x":17.9768123626709,"y":1.2291269302368165,"z":0.6923815011978149},"rotation":{"x":-0.001726115238852799,"y":0.9980762600898743,"z":-0.05275668203830719,"w":-0.03264866769313812},"size":1.1489853858947755,"orthographic":false}