{"cameraMode":{"drawMode":0,"name":"Shaded","section":"Shading Mode"},"sceneLighting":true,"audioPlay":false,"sceneViewState":{"m_AlwaysRefresh":false,"showFog":true,"showSkybox":true,"showFlares":true,"showImageEffects":true,"showParticleSystems":true,"showVisualEffectGraphs":true,"m_FxEnabled":true},"in2DMode":false,"pivot":{"x":0.7452999353408814,"y":1.3607149124145508,"z":1.699666142463684},"rotation":{"x":0.016705745831131936,"y":0.9635416865348816,"z":-0.2598438560962677,"w":0.06194513291120529},"size":3.633974552154541,"orthographic":false}